like_sdize_1,comment_sdlize_1,share_sdlize_1,collect_sdlize_1
1.042691842,5.620446267,2.66800008,0.738113257
4.706607042,3.765920811,4.210953461,3.935907028
2.044529161,10.29744908,4.726882545,1.898300272
12.66462699,7.990568118,13.28790764,24.64133051
2.157973329,7.832616048,7.23019403,1.061322077
0.88473381,5.274933623,1.940101787,0.753238394
1.555519192,0.480337594,3.580968609,1.077822227
4.109264222,4.408239207,2.257180061,1.960418484
0.719408333,3.120839755,1.937070503,0.623016623
1.194412909,2.48014292,1.927925146,1.002034773
0.599287569,2.560139937,1.695303469,0.640406486
1.075383976,5.158601623,4.693405977,0.602876734
1.683572642,7.808352689,0.95222668,1.749070975
0.647864398,2.341349295,1.531378652,0.579258872
7.527913537,1.874700026,3.19471524,7.058479526
0.700460712,1.338924204,2.181758458,0.802577078
16.91792817,4.627089907,1.907640553,3.506498713
3.824325247,1.417960297,1.984327644,1.644003843
3.610572705,3.288521191,1.161068958,1.507473191
0.777628061,2.257748808,1.259151621,0.751701616
1.230245265,1.873618985,1.588583116,0.918725193
0.622206363,1.881246328,1.847073718,0.610479744
1.281503361,3.96026792,1.974608403,1.961793497
0.942745801,1.619153997,1.81810729,0.998880333
4.190364096,3.538722074,1.919868697,3.558102123
2.125807786,1.821909201,2.159406412,1.933969714
0.937247996,1.5396975,1.307880259,0.959166737
0.878719076,6.032262746,0.965632022,4.57925111
0.58621458,1.237906949,1.445487345,0.59648697
0.723007511,1.348052993,1.845653723,1.133631558
1.4250212,2.676772226,1.51229333,0.716841005
0.77788411,2.338886925,0.939939676,0.609428264
0.793604548,2.416902034,1.431993713,0.811474218
1.101269073,0.961520857,1.455088866,0.996211191
3.254785475,1.213463416,1.203639379,2.435363977
0.535125573,0.897319046,1.479699661,0.594626659
0.673295371,0.919840729,1.768355961,0.584516273
0.921749789,2.319848595,1.09585219,1.110498994
1.151000538,0.885968118,1.435231008,0.636362332
0.796121557,0.917078069,1.517274349,0.641377084
1.396478991,2.0799176,1.054635546,2.340326349
2.42373279,1.774763811,1.1973708,1.754651908
0.652598888,1.338864146,1.017781892,0.648899211
0.600558151,1.330035647,1.018510283,0.931100305
1.751816928,0.739787381,1.575817875,1.07450602
1.60065627,1.28252991,1.283549049,1.194698289
1.509932821,1.727378191,0.910929104,1.174881933
1.22183913,1.116349919,1.210923292,0.708186514
1.625372238,1.903707953,0.876282696,1.132256545
2.052370056,1.621676426,0.912805263,1.348861455
1.06397289,1.040617007,1.282129054,0.810018322
0.954678647,1.796324569,0.871963851,0.801040299
1.851207391,1.034611225,1.686886504,1.358567426
1.313195455,1.331957497,1.495680123,0.773620933
1.397411396,0.808493528,1.229272865,0.692737844
2.100236712,2.280090318,0.940910864,1.772203538
0.573861427,1.688640896,0.859095605,0.645016823
0.764584059,0.915516566,1.170464469,0.69314226
0.733317104,0.892814709,1.117998227,0.566236695
1.740579761,2.390056188,2.320425022,5.329441752
0.967833765,0.721529804,1.445906722,2.200964788
0.703262757,1.147459871,0.952756419,0.550221843
0.562947946,0.828432725,1.170935348,0.556773373
2.319984664,1.0716669,1.20430891,1.809733291
1.076949256,0.711680321,1.270482151,5.144138597
0.890391042,1.942565364,1.228485614,0.660869908
0.623549412,1.685337716,0.916822451,1.079763421
1.058156231,1.01821544,1.108065619,0.820614007
0.868158266,1.083558349,1.603827829,0.763025248
0.694484627,0.953112762,1.036727422,0.745392735
3.526458217,1.768037336,1.377864679,1.863358778
0.641598446,1.392976243,1.322433369,0.541162937
0.561329523,1.213703647,0.853584847,0.62398722
1.848468151,1.224273824,0.844667573,1.508362905
0.729447383,1.325110905,0.825383599,1.171484843
0.463064709,0.694143437,1.160907093,0.60724442
1.507932741,1.576933349,0.82309542,1.887542822
0.722466427,0.852696085,1.235107352,0.670494995
1.138367181,0.912874021,1.046152363,0.914276623
0.700692606,0.744171602,1.095013436,0.63053875
0.682991412,0.782488492,0.996813053,0.658766947
0.968456978,1.315621769,0.867475783,0.646472718
1.56850039,0.820204804,1.433627075,4.393705306
1.746633145,0.783509475,0.983650508,1.953947837
1.994454687,1.195506127,0.884802666,0.989255245
0.792812246,1.602698154,0.806305634,1.159837678
1.933176865,1.554531782,1.654932936,0.669443515
1.706621877,0.938879058,0.999123304,0.891305826
1.375531291,1.051427415,0.926217962,0.87019534
0.502858577,0.881043376,0.914239973,0.556611607
1.037749615,1.174966353,0.978698919,0.704789425
0.524985069,0.742129636,1.012447714,0.560979294
1.885116965,1.186137107,0.910458224,3.261342073
0.689924057,0.9046461,0.920295185,0.674862682
0.794421006,1.032689374,0.889930835,0.628516673
0.552942713,0.804950117,0.933781459,0.547552701
1.317900958,0.7072961,1.011888545,2.741587349
1.00049208,0.998876821,1.046593812,0.779363632
0.742404425,1.011368848,0.835058694,0.781628358
0.594857439,1.271299098,0.881153352,0.545611507
1.353032803,0.954734323,0.858705659,1.253257645
1.618371957,1.40132428,0.883058942,0.71934838
1.128308806,1.347272241,0.768186492,1.983551047
0.8313307,0.952992646,1.036491982,0.675752396
2.916699439,1.721072119,1.564825789,1.141719866
0.834528896,0.733841657,0.932935348,0.688451041
1.382188563,0.830654864,0.857359238,1.480943538
0.585813598,0.685735342,0.963211409,0.562111657
0.605911023,0.789635373,0.903461254,0.811635984
0.664406125,0.704113035,0.932214314,0.560574879
1.334616605,0.990528784,0.822293454,1.981448087
0.859785949,0.750717905,0.970980915,0.629972568
0.600616124,1.363127506,0.737777997,0.84374657
2.442931628,0.77840456,0.84338737,3.598381901
0.521028388,0.555890333,1.206714809,0.541648236
0.856442819,0.910351593,0.857138514,1.142933113
0.517076539,0.837621572,0.911922364,0.541729119
0.693982191,0.861404469,0.805518383,0.747900111
1.266256372,1.068784125,0.761204237,2.948081873
1.966168528,0.695464709,0.947378096,1.655003943
0.600137844,2.370657512,0.720752771,0.613634184
0.549217926,0.902604134,1.139548307,0.550464493
1.221375344,0.863506493,0.832071555,1.572988492
0.7555064,0.655946663,0.906897201,1.552929486
0.816663445,0.671501639,0.890453216,0.725333729
0.987027772,0.812757634,0.821844647,1.114219617
1.201186127,0.767714268,0.891247825,0.813658061
3.615973888,2.465128465,0.932685194,4.87495968
0.479968769,0.689278754,0.873089546,0.584516273
1.576206013,0.589702886,1.224306561,2.672189659
0.598432462,0.670120309,0.932721981,0.53258933
5.630059572,0.821466018,1.001499773,1.856160184
1.803736886,1.207878039,1.015868945,1.447457939
1.35897507,1.080855747,0.771203062,1.376361705
2.176829158,1.100734886,0.903593689,1.0755575
0.702219237,1.519157725,0.710695086,0.751944265
1.022439821,0.640812092,0.934311198,0.939997445
0.583513989,0.878340774,0.810234532,0.695487869
0.495708531,0.675225224,0.843924467,0.526280449
0.744418999,0.797563005,0.794055418,1.024196739
0.7260028,0.624416307,0.939947034,0.588560427
0.647685647,0.617329484,0.891181608,0.95690201
0.481442258,0.639310647,0.864606363,0.52498632
1.118917124,0.704653556,0.817695024,1.141719866
0.859322162,0.757864785,0.789618853,1.644650908
1.349868425,0.640691976,0.97846348,0.69079665
1.321205438,0.654805564,1.018966447,1.007777473
0.609268646,0.67450453,0.851510036,0.707782099
0.700281961,1.038695157,0.780745723,0.677936239
4.195224194,0.62874047,1.037801615,1.335353979
1.154556236,0.842786544,0.752389967,0.727355806
0.579335077,1.330636225,0.706913338,0.588317778
0.54141568,0.61468694,0.864282634,0.921556101
0.849365241,1.221511164,0.721172148,1.562878106
1.894209117,0.852876258,0.747291228,3.746721484
0.962611333,0.625677521,1.027177403,1.759262244
0.61111413,0.74008767,0.785631095,1.099094479
0.808614813,0.996474508,0.738079654,0.601825253
0.769178447,0.620092144,0.872250793,0.928916462
1.632155119,0.935635936,0.851738118,1.997543822
1.694012675,0.784049995,1.128872593,1.532627831
1.624130642,0.785971846,0.824199043,1.028887959
1.006951277,1.196106706,0.746099315,0.68214216
0.908087405,0.685675284,0.995135546,0.637737345
0.827615575,0.568262244,0.97222433,0.576104431
1.119656284,0.841645446,0.741339021,0.88984993
1.591680064,0.736664374,0.970885268,1.313515546
0.456934028,0.617569715,0.834845327,0.504765548
0.66364764,0.761648428,0.76508899,0.625362232
0.534487866,0.675705686,0.846918964,0.537199666
2.769480969,0.750958136,1.099906165,1.669562899
1.222235282,1.203073413,1.055224145,0.929967942
0.589857238,0.650181112,0.915902765,0.621560727
1.065871517,0.70783662,0.8074019,0.845445115
0.66086492,0.771197622,0.859132393,0.569067603
0.699214285,0.608801273,0.826597584,0.570927914
0.662092022,0.593126182,0.917867214,0.81414336
0.845925489,0.76573236,0.945244424,0.742400061
1.171151105,0.73071865,0.953374448,1.613349153
4.068750518,0.725313446,0.831711038,1.380082327
1.727482617,0.728316337,0.756517517,1.165984793
0.986916656,0.584117509,0.834999834,0.846658361
2.603227918,0.702011012,0.927225938,1.511274696
0.918063651,1.037854347,0.908854292,0.823930213
1.739874419,0.758705595,0.951343781,0.864857056
0.688180026,0.939239405,0.757017826,0.866474718
0.468963496,0.638049432,0.798565557,0.52369219
1.319016945,0.65492568,0.956118791,1.102248919
2.251812845,0.587300574,1.01301424,1.954109603
0.530589159,0.910952171,0.816959276,0.536309952
0.50956416,0.724352521,0.751198054,0.555479244
1.217254405,0.571024904,0.827362763,1.800755268
0.481229689,0.622013994,0.776338588,0.540273223
0.621167674,0.581354849,0.845425394,0.624472518
0.481896383,0.64087215,0.76505956,0.58443539
0.918266557,0.687116672,0.78084137,0.546258572
0.462557442,0.799184566,0.767583178,0.521993646
0.808247648,0.778344502,0.723688409,1.374016095
0.786309569,0.640752034,0.758467251,0.722179289
0.649719545,0.612164511,0.778111743,0.596567853
0.453102956,0.856780017,1.012072482,0.50614056
0.542130685,0.645496602,0.820130353,0.60959003
0.729698601,0.673483547,0.880233667,0.884268997
0.971969196,1.580176471,0.6807869,0.881276323
1.31630186,0.734742524,0.725373273,0.806863882
0.740269074,0.721830093,0.949732492,0.542214418
0.914894441,0.756603571,0.755965706,0.742561827
1.052223626,1.047343483,0.71276254,0.961512346
0.806097803,0.607900406,0.772019743,0.815922788
0.563885181,1.718489633,1.04522532,0.512368558
0.70866394,0.778644791,0.836861279,0.739002971
1.23296035,0.659670248,0.744024504,1.695526371
0.650511847,0.637689085,0.760703928,0.589126609
0.763506722,0.558472819,0.850840505,0.644288875
0.795107024,0.730298245,0.923760561,1.503429036
0.531265514,0.562016231,0.827568772,0.522883359
1.020067746,0.768855367,0.801118605,1.563848703
0.755110249,0.570063979,0.795828572,0.584678039
0.674005544,0.963863112,0.735820905,0.798452041
0.849500512,0.729517494,0.742295494,0.66879645
0.788174378,0.75083802,0.715161081,0.707701216
0.508573782,0.587240516,0.85477676,0.661678739
1.211983662,0.629821511,0.873339701,2.2573403
0.558749709,0.650901806,0.745025122,0.571494095
0.596553159,0.626578388,0.850259263,0.574891185
0.849920819,0.648679667,0.745275277,0.696215817
0.549010188,3.498723565,0.683067721,1.7078206
0.803310252,0.639070415,0.812706648,0.568905837
0.678498478,0.825189603,0.716455999,0.573920588
0.935716533,0.722550787,0.867129982,1.322574451
1.625966465,1.301207892,1.485180989,0.555560127
0.532859781,0.631443072,0.814707884,0.75469429
0.797073286,0.864707649,1.013882424,0.58758983
0.778893813,0.737264953,0.711725134,0.866070302
1.142285212,1.139652354,0.697532541,0.677289175
0.599751355,0.587841094,0.762734594,0.566236695
0.870187333,0.884706903,0.820549729,0.777988619
1.228670323,0.566940972,0.781113597,1.339155484
0.554768873,0.827051395,1.084448085,0.517949491
1.946703978,0.679008866,0.976550533,1.168330402
0.676657824,0.548503221,0.805378591,0.593736945
0.756617556,0.729817783,0.82596484,0.857739344
0.820373739,0.715343848,0.914181113,0.820452241
0.503539764,0.688498002,0.85056092,0.60853855
0.562397199,0.981460053,0.713284922,0.793275523
0.585456096,0.594987975,0.747798895,0.71619394
0.47771264,0.651021922,0.749520547,0.542618833
0.957765728,0.866989846,0.758592329,0.908614807
0.777376844,0.606639192,0.826038415,0.648899211
0.51755965,0.631262899,0.786374201,0.512772973
0.680947852,0.764170857,0.868498474,1.456274196
0.635627192,0.663513948,0.826340072,0.632156412
0.83967403,0.863626608,0.830349902,0.700502621
0.543101738,1.520298824,0.681574151,1.972308298
0.498597536,0.606158729,0.758511396,0.541324704
1.298286644,0.678168057,0.776500453,0.826842005
0.550082695,0.896838583,0.847124974,0.599317878
0.546512503,0.612044396,0.787624974,0.537765848
0.520211931,0.599372196,0.741258089,0.621722493
0.536729502,0.656186894,0.738175301,0.670009697
1.482226395,0.911913096,0.85527707,0.620185714
0.458668397,0.626278099,0.726410679,0.522802476
0.990196981,0.910651882,0.688688842,1.112763721
0.509428889,0.665195567,0.923054243,0.846496595
0.946122748,0.807412488,0.806467499,0.71279685
0.478649876,0.904225695,0.687769156,0.551273323
0.457663526,1.33297848,1.050037116,0.541567353
0.587547967,0.615407634,0.897692984,0.547067403
2.039161796,0.62735914,0.950247516,1.111712241
0.801242536,0.654805564,0.725417418,1.138241894
0.539188538,0.985543985,0.683560673,0.556530724
1.167194425,0.631623245,0.777478999,0.918563426
0.565904586,0.624116018,0.760711285,0.833393535
0.715306719,1.71500628,0.859603272,0.60408998
0.459620126,0.69516442,0.716794443,0.541971768
0.654946808,0.606879423,0.757238551,0.762620833
1.652344335,0.683993665,0.709694468,1.651283321
0.495075656,0.623155093,0.71996552,0.5590381
0.47410863,0.545440272,0.772755492,0.516574479
0.56388035,0.604417053,0.727779172,0.818753696
1.243294098,0.559734034,0.774226989,0.898180888
2.146480114,0.741709231,0.803340567,0.734230869
0.577151414,0.697566733,0.73621821,0.563405787
1.215896863,0.574147911,0.779325728,0.87464391
1.266580057,0.650060997,0.756708812,1.258515046
0.642163686,0.69792708,0.700733048,0.657311052
0.735032148,0.718106508,0.775271752,0.589045726
3.941653629,0.957256751,0.719229771,2.298914208
0.573924232,0.749576806,0.742096842,0.529920188
0.512631916,0.611083471,0.832748443,0.725414612
0.596137684,0.677207132,0.855151992,0.593736945
0.904565524,0.65576649,0.780716293,0.616060677
0.757192458,0.693602917,0.709591463,1.161859755
0.565015662,0.571084962,0.815038971,0.550060077
0.610423281,0.636427871,0.710018197,0.776128308
1.235163337,0.537632755,0.796924838,1.462744843
0.478649876,0.532888188,0.777721796,0.543751196
0.829171193,0.645616718,0.834249371,2.105360978
0.564590524,0.735763507,0.697267672,0.847709841
1.101070997,0.74837565,0.731053254,1.170190713
0.550604455,0.778584734,0.8098593,0.637737345
0.731809797,0.663694122,0.808262726,1.482237667
0.823369028,0.624176076,0.71018742,1.192595329
0.722968862,0.76020704,0.689505523,0.702201166
1.081466346,0.584477856,0.751838155,0.769981194
0.478442138,0.509886042,0.834050719,0.524096606
0.60024896,1.134307208,0.832100984,0.5590381
0.93657164,0.748435707,0.749182102,0.629082854
1.574829146,0.735883623,0.735092514,0.654318378
0.523197558,0.747474782,0.726447467,0.54593504
0.554879989,0.557211605,0.785255863,0.558714568
0.697789107,0.70645529,0.693478566,0.960379983
3.61285299,1.095449797,1.042105745,0.760517872
0.569750151,0.812517402,0.778229462,0.79214316
0.711915278,0.66375418,0.705478628,0.677450941
0.477514564,0.726154256,0.690910803,0.916945765
0.942059783,0.553007558,0.742670726,0.698157011
0.995293804,0.823928388,0.685915069,1.365846904
1.450717884,0.550485129,0.836625839,0.674377383
0.533275257,0.606579134,0.710901096,0.693789325
0.563759572,0.568442418,0.784777626,0.554832179
0.609906352,0.605918498,0.725586641,0.611045926
0.509356422,0.668198458,0.706243806,0.526927514
0.727882103,0.737325011,0.728426631,0.645906536
0.612234948,0.631983592,0.770533531,0.618163637
0.878970294,0.619731797,0.791899674,0.661921388
0.670401535,0.58105456,0.75621586,0.727598455
0.591978097,0.62874047,0.713954453,0.7622973
0.710287194,0.671561696,0.706023082,3.697059268
0.530869363,0.705073961,0.703403816,0.549493895
0.706784638,0.633725269,0.723813486,0.671222943
0.535903382,0.567781782,0.811654527,0.548685065
0.628950595,0.82885313,0.74930718,0.916945765
0.494969371,0.581114618,0.74169218,0.538170263
0.83419555,0.610422835,0.709098511,0.731966142
1.43240797,0.543938827,0.737910432,0.87334978
0.531164061,0.658288918,0.706810333,0.545449741
0.902565444,0.611143528,0.76368371,0.906269197
1.104061456,0.536191368,0.745128127,1.059461766
0.721674124,0.825189603,0.759894604,0.970085954
0.607128463,0.591684794,0.786124046,0.545368858
0.538323769,0.556370796,0.784681979,0.552001271
1.382328665,0.633785327,0.777089052,0.806378583
0.622766772,0.807772835,0.681625654,0.615251846
0.555194011,0.614626882,0.710592081,0.790282849
0.684464901,1.06974505,0.770128869,0.605707642
0.694653716,0.737925589,0.714123675,0.701877633
0.56744088,0.5656197,0.780966448,1.573554674
1.75391363,0.641472728,0.762999464,0.734554401
1.233303359,0.675465455,0.746724702,0.703737944
0.55484134,3.076757314,0.670795432,0.562758722
0.605804739,0.539014085,0.738131156,0.616545976
0.924551834,0.621173185,0.757473991,1.476494968
0.66838213,0.522918589,0.866129363,0.627869608
0.801831932,0.562256462,0.767583178,1.410413485
0.493360611,0.567661666,0.719391636,0.526603982
0.538004915,0.799064451,0.676894789,1.509495268
0.547575348,0.789755488,0.722533283,1.15490381
3.165028249,0.704233151,1.06665768,0.986828753
0.503298208,0.56646051,0.781275462,0.56898672
0.47332599,0.570124037,0.770805758,0.509780299
0.558184469,0.674024067,0.72028925,0.707862982
0.55697186,0.778164329,0.735475103,0.703980594
0.474292213,0.58051404,0.732164234,0.525228969
0.491843642,0.625317174,0.693706648,0.570361732
0.577049961,0.570664557,0.765824739,0.620751896
0.501225661,0.658829438,0.688997856,0.539464393
0.581422117,0.687777308,0.690498784,0.912578078
0.621534839,0.767714268,0.761218952,0.615413612
0.560377794,0.612104454,0.695678455,0.55014096
0.496230291,0.555830275,0.717434545,0.533559927
0.652941897,0.712701304,0.682148035,0.570442615
0.807353892,0.575949645,0.706663183,0.537684965
1.036638459,0.720088416,0.703573038,0.826761121
0.536985551,0.57168554,0.737836857,0.525390735
0.691614947,1.015332664,0.671722476,0.767312052
0.690001355,0.725553678,0.708531985,1.23400747
0.56388035,0.728076106,0.680683895,0.631751996
0.61258762,0.541896861,0.750719817,0.685134834
0.504249937,0.584778145,0.700335744,0.569957317
0.600838356,0.645856949,0.706302666,0.669362632
0.51851621,0.565019122,0.707413647,0.681009797
0.543947183,0.598651502,0.718221796,0.59858993
0.532106128,0.641652902,0.688387185,0.577398561
0.473388795,0.715463964,0.689792465,0.610560627
0.646028576,0.539074143,0.729817196,0.622288675
2.382257695,0.65576649,0.699313053,1.603157884
0.558928461,0.604176821,0.734136041,0.721613107
0.635578881,0.528924371,0.730082065,0.579825054
0.731925744,0.644235388,0.732855838,0.864048225
0.473330821,0.520516276,0.740875499,0.521427464
0.715533781,1.883588583,0.667712645,0.673164137
0.900140226,0.81948411,0.686488953,0.706892385
0.875380778,0.623635555,0.72863264,0.773701816
0.649714714,2.734007329,0.665490684,0.5810383
0.565803133,0.550905534,0.724335868,0.54908948
0.910589921,0.646337412,0.80426761,0.576023548
0.700180508,0.552647211,0.719421066,0.659333129
0.609713108,1.214784688,0.668374819,0.632156412
0.555546682,0.584597972,0.697319174,0.670737645
0.527052785,0.640331629,0.686312373,0.562839605
0.467987612,0.57967323,0.697657619,0.552971868
0.653579603,0.549103799,0.737969292,0.56243519
0.667000432,0.571565424,0.746121388,0.680281849
0.493384767,0.679969791,0.681861093,0.531214318
1.051837137,0.588201441,0.694913276,0.768767947
1.773431322,0.590543696,0.694059807,0.762701716
1.85906761,0.585378723,0.746599624,0.705355606
0.994646435,0.613005321,0.734261118,0.782679838
0.916242322,0.539374432,0.715330303,0.803385909
0.563377915,0.583697104,0.697642904,0.547795351
0.822064628,0.601053815,0.691374324,0.81074627
0.606833765,0.606999539,0.7140501,0.601339955
0.648130109,0.522438127,0.730972321,0.582817728
0.491147962,0.528624082,0.723291104,0.568582304
0.757496818,0.835939953,0.702175116,1.16380095
0.871612511,0.555109581,0.726182597,0.692818728
0.687001235,0.678228115,0.720443757,0.628112257
0.446996431,0.568142129,0.697878343,0.540273223
0.859756962,0.505501821,0.772873212,1.077741344
0.596823702,0.540155184,0.760019681,0.744907436
0.447745253,0.553007558,0.704352932,0.507919988
0.504989097,0.549884551,0.705912719,1.64521709
0.552546562,0.580634155,0.695619595,0.651163937
0.955978216,0.638830184,0.701476155,1.033255645
0.448315325,0.558112472,0.716235274,0.534368758
0.551102059,0.564598717,0.717287395,0.546662987
0.961263453,0.586339648,0.691815774,0.66798762
0.481485738,0.548142874,0.753500947,0.611126809
0.661323876,0.586099417,0.691484687,0.718216017
1.093022365,0.684173839,0.699607353,0.68109068
0.656463777,0.650060997,0.681500577,0.671870008
0.928131688,0.568502476,0.733981534,0.549817428
0.557174767,1.231480762,0.669419582,1.139374257
0.493669802,0.58435774,0.691219817,0.542780599
1.016579683,0.520456219,0.725042186,1.054608781
0.777671541,0.628860586,0.717625839,0.76779735
0.684614666,0.625137001,0.719840443,0.962159411
0.762840028,0.552406979,0.718346873,0.549008597
0.907700916,0.554749234,0.699416058,0.634502021
0.909159912,0.534329575,0.759563517,0.715385109
0.619032323,0.667898169,0.678984316,0.629406387
0.913483757,0.550965592,0.747217653,0.780253346
0.547372441,0.594087107,0.717132888,0.610156212
0.860278722,0.54495981,0.702903507,0.761650236
0.815272085,0.544119,0.72582208,1.126837378
0.485456912,0.762489238,0.678248567,0.544802676
0.69523828,0.622914861,0.712975907,0.544479144
0.926865936,0.511988066,0.798087321,0.848033374
0.512197116,0.532888188,0.735210234,0.542133534
0.550082695,0.574207969,0.691175672,0.543832079
0.537487986,0.686456036,0.679190325,0.563324904
0.823282068,0.522318011,0.745209059,0.545287975
0.634313129,0.570003921,0.71156327,0.54593504
0.591552959,0.536071252,0.724122501,0.602876734
0.535830915,0.571625482,0.721871109,0.598994345
0.528647052,1.009567113,0.737174683,0.726546975
0.975186717,0.521116855,0.718942829,0.739650036
0.632873458,0.694503784,0.692080643,0.589611907
0.459402726,0.587180458,0.687519001,0.515118583
0.6124137,0.572586407,0.756973681,0.667906736
0.841828706,0.589582771,0.686945117,0.62059013
0.540961556,0.576850513,0.704470652,0.580229469
0.571325094,0.615647865,0.689005214,0.572626459
0.499814976,0.623995902,0.68374461,0.537199666
0.451503858,0.51463061,0.731097399,0.536148186
0.470538439,0.685555169,0.678704731,0.517706842
0.504269262,0.636547987,0.680007007,0.565751396
0.465842598,0.617689831,0.713998598,0.51738331
0.723094471,0.652523367,0.678528152,0.774834179
0.516187614,0.58051404,0.730288075,0.523853957
0.752240569,0.551506112,0.695987469,1.295721266
0.519400304,0.721289572,0.674393244,0.551273323
0.513936316,0.632403997,0.681993528,0.598266398
0.556759291,0.697326502,0.676674065,0.534773173
0.501385088,0.824228678,0.67484205,1.229801549
0.462306224,0.517032923,0.719237129,0.511559727
0.528226745,0.604777399,0.696988087,0.742885359
0.470944252,0.547061833,0.697804768,0.567045526
1.400285908,0.586159475,0.721238366,0.806459466
0.646661451,0.671021176,0.680411668,0.585163337
0.60885317,0.551145765,0.699401343,0.548927714
0.498554056,0.532167494,0.722187481,0.514309752
0.833330781,0.723932116,0.816363319,0.702120283
0.475108671,0.54495981,0.715322946,0.541405587
0.575252787,0.594687685,0.691756914,0.565994045
0.482524427,1.046262442,0.666888607,0.588964842
0.46376522,0.538113218,0.698525802,0.585810402
0.777715021,0.560755017,0.712173941,0.651568353
0.493206015,4.142603465,0.665233172,0.848923088
0.791734908,0.587540805,0.688747702,0.64598742
0.860336696,0.675525513,0.687526359,1.091167936
0.572470067,0.537572698,0.697687049,0.68764221
0.615858282,0.573667448,0.686194653,0.546582104
10.12533182,10.85598682,21.26647725,2.74999919
1.586351348,2.672568179,5.547941342,0.963777073
2.112913549,2.376182832,4.959717588,3.448667305
1.532730838,4.202721343,3.037809466,3.75262595
3.053178348,2.52836935,3.247299202,1.390758895
2.722198878,2.697552232,4.995099745,1.965595002
0.828610784,6.322822485,1.468965087,1.022740844
1.209911115,2.698212868,2.365298337,1.115837278
0.966978658,1.562219183,3.558881433,0.813172763
1.082476048,3.423591231,2.022189273,1.82542461
8.471729203,2.865594015,2.42031027,4.043077119
3.448435761,3.053875284,2.440359423,0.837599455
2.439516032,9.211123215,3.430743433,1.307530197
1.311606019,2.435700132,2.780407772,1.141153685
2.091405439,3.521125132,2.044033653,1.118182888
1.218380054,1.517115759,2.036558446,1.03285123
6.305405524,8.19914893,2.296020236,1.525348353
0.589663994,0.875878404,3.390093316,0.755584004
0.732249428,2.574974219,1.380417727,0.586700116
1.33776649,1.677410084,1.929690943,0.920666387
0.720447022,4.400972211,1.806901837,0.995564126
0.957031399,1.756806523,1.448827644,1.52737043
0.834393625,1.052748687,2.048146489,0.646715367
1.381246496,1.194905549,1.707296174,0.747172163
2.281118369,1.599695263,2.044651682,1.379435262
0.519612873,2.210603419,1.732363133,0.534368758
0.779125706,1.587743757,1.76288199,1.135977167
1.60313463,1.987368498,1.170560116,1.103543049
1.683843184,1.21088093,1.55261236,1.151344954
1.941529857,1.696988933,1.194361588,1.459105104
0.859235202,1.919683334,1.236085898,1.440744643
1.017193234,2.000401045,1.113488087,2.160604127
1.2434342,0.963983227,1.570145252,1.119638783
0.773183438,0.939359521,1.5092179,0.938379783
0.708320931,1.112386103,1.289089237,0.670009697
1.572602004,2.489391824,1.326847862,0.776290074
1.351124514,2.238290074,2.531886565,0.730672013
1.436485428,1.463364009,1.057769836,0.987233168
1.143265928,3.965913355,0.802185441,1.944808048
2.176602096,2.592270872,1.585544473,4.647435553
0.931972422,2.629506721,0.827612917,0.807753596
0.824924646,0.802367631,1.437092452,1.116646109
1.244168529,1.411113705,1.380483944,0.681980394
6.446701051,1.371655717,1.528465087,1.415023821
0.824716908,1.710201654,0.921030934,0.82384933
0.950417606,0.675645628,1.662724515,0.83379795
0.724331236,1.636030245,0.898855467,0.81179775
0.579325415,0.944464435,1.178778429,0.542457067
5.877398004,0.807592661,1.285278058,1.841358578
0.51355949,1.858364298,0.830283685,0.633774073
0.889183264,1.707318878,1.042988644,0.862996745
1.173721257,0.948608425,1.055194715,1.013762821
1.032580325,1.020377521,1.064516651,1.347971741
9.222155464,7.262367037,11.08239781,1.013520172
0.874317933,1.000438325,0.981641914,1.574929686
6.286433748,1.643117068,1.965426259,1.854380756
0.828403047,1.630865272,1.022968921,0.737304426
0.855244704,1.163014846,0.967096162,0.766826753
0.672744624,1.283250604,0.869322513,0.623906337
0.832267936,0.943983973,1.190395902,1.001306826
0.821929357,1.021038157,0.956538168,0.998718567
0.911836348,1.098752978,0.924238798,1.097719467
2.296776002,1.516695354,0.803377354,1.245331102
0.560290834,1.244273078,0.937945797,0.653994845
0.810701853,0.694203495,1.431942211,4.030621124
0.739491265,0.907108471,0.909442891,0.683759822
0.810474791,0.905246678,0.965249432,1.611407959
1.004448761,2.434018513,0.805422735,3.480858774
0.657473479,1.409372028,1.392381001,0.620185714
1.912325786,0.788674448,1.07137383,1.651930386
0.615636051,0.935455762,0.887421932,0.800959416
0.677218233,1.591287168,1.181566917,0.871570352
2.728590439,1.299646389,1.162040146,1.522921861
0.866288625,1.730921602,0.909685688,0.915894285
2.182003279,1.12073414,0.895382733,2.892191659
1.565891589,1.904548763,1.342350088,0.868739444
0.706514095,1.007104743,0.944030439,0.678825953
0.528173603,0.916177202,0.87835015,0.558471918
1.130072162,1.031788507,1.237211594,0.929725293
0.521439033,0.766212822,1.115562898,0.6030385
3.283361502,3.289181827,1.067459646,1.489678911
1.377801913,0.773659992,1.272387741,5.433295637
2.032079386,0.712220841,0.977727731,1.262316551
1.02156539,0.701890896,0.965985181,1.122631458
0.728684068,0.989147454,1.107528522,0.697105531
0.746626817,1.170942479,0.779185936,0.646634484
1.538286616,0.662432908,1.126201825,1.86837353
0.728118827,0.578171785,1.239050966,4.451051416
0.463030891,0.714503039,0.967559684,0.513905337
0.987027772,0.992150345,0.933788817,0.706487969
0.567682435,1.097071359,0.784718766,0.714333629
0.766023731,0.706935753,1.532592637,2.09047849
1.229409483,0.980859475,0.914666707,0.775157711
0.920121704,1.029025847,0.864150199,0.726789625
0.581446273,0.780746815,0.924967189,2.211884005
2.610088097,1.476276441,0.999218951,1.649746543
0.563252306,2.150905945,1.051368822,0.670333229
1.002830339,0.718707086,0.96209307,0.912820727
0.672667326,0.771738142,0.864959523,1.001549475
0.664121089,0.550965592,1.402762416,0.706649736
0.539188538,0.736183912,0.870933803,0.596648736
0.557657878,0.923864603,0.795445983,0.624876934
0.838905884,0.765071724,0.8492145,0.78219454
0.598369657,1.108182056,0.78655078,0.652700716
0.463465691,0.725793909,0.866445735,0.542861482
1.484501849,4.807683775,1.914115142,0.529677539
1.211302476,1.284932223,1.041877663,2.201369203
0.519622535,0.612164511,1.055113783,0.593251646
0.469963537,0.61522746,0.985166151,0.554508647
1.134526447,0.820805382,0.953278801,1.315375857
3.681585217,1.2221718,1.162106363,2.273193386
0.909672009,0.933053449,0.777177342,0.888717567
0.582610571,0.739126745,0.837214438,0.716679239
1.564210362,0.865368285,0.788360722,8.660045553
1.359917137,0.825610007,0.798786282,0.916622232
1.1678273,2.372219015,0.699717715,1.059219117
1.091172049,1.521560038,0.761527966,0.859518772
0.878313263,2.298047606,0.696053686,0.733907336
1.253830753,1.649843544,0.71885454,1.335353979
0.533487826,0.968247332,0.764367956,0.553214518
0.601007445,0.798043468,0.847941655,0.649788925
0.455272126,1.457898748,1.151754379,0.522478944
0.960360035,0.850113598,0.790803408,0.672759722
0.578330206,0.657988629,0.881962676,0.792951991
0.79135325,1.016113416,0.789751287,0.609428264
0.861032376,0.836240242,1.209981533,1.195749769
0.728659912,0.822607116,1.060013869,0.572060277
0.66694729,0.75774467,1.396626272,0.616303326
0.642912508,1.252621115,0.740514982,0.631024048
1.298238333,0.767474037,1.029289002,2.541320823
1.282479246,0.712280899,0.854151374,0.766826753
1.403464779,1.052208166,0.737947219,0.797966742
1.111023088,0.63426579,1.138326964,2.727756341
0.785145271,0.598471328,0.972378838,1.397795723
0.544961716,0.673183258,0.836934854,0.592200166
0.732442673,0.965364557,0.743443262,0.858386409
0.940682916,0.576670339,0.966360413,1.741063549
0.510206698,0.97161057,0.74046348,1.822755468
0.70392462,0.7717982,0.861148344,0.931342954
0.749037542,1.130403449,0.747261798,0.691201066
0.558324572,1.018335555,0.735166089,0.597942865
0.500428528,0.688978465,0.820888174,0.651325703
1.531537553,0.794920461,0.808799822,0.84140096
0.474760831,0.605558151,0.894330612,0.553457167
1.104665344,0.888130199,0.982841185,0.680443615
0.863549385,0.598831675,0.935907773,1.882608953
1.081476008,1.029926715,0.889504101,1.028321777
0.681658025,1.089444015,0.734062466,0.671384709
0.785082467,1.00884642,0.769201825,0.622207792
0.704069553,1.463724356,0.738020794,0.816003671
2.228575197,0.736724432,0.788139998,1.309228742
1.72571443,0.72741547,1.030370553,1.487656834
1.099790753,1.164336118,0.781562404,0.773054751
0.677295531,7.077208775,0.691962923,2.864772292
0.523434282,1.000678556,0.988513807,0.670575878
1.282179717,0.675765744,0.810867276,1.86077052
1.003984974,0.692702049,0.799499958,0.882651335
0.858520198,1.523722119,0.699136474,1.243632557
3.089745033,0.749877095,1.258224578,2.608130253
0.706770144,0.610723124,0.880733976,0.603604681
0.562339226,0.823928388,0.755965706,0.753481044
0.702571908,1.341386575,0.819541754,0.714576278
0.630786418,0.848191748,0.743950929,0.760436989
2.282161889,0.752039177,0.894904496,1.37676612
0.847563236,0.866749615,0.760004966,0.699612907
0.658294768,0.702551532,0.866747392,0.679149486
1.074693127,0.894316155,0.94774597,1.128616806
0.48696905,1.820948276,0.806276204,0.51714066
0.823750686,0.711560205,0.778943139,1.489031847
0.755482245,0.663574006,0.998004966,0.771356206
0.57096276,0.747895187,0.80540802,0.580714767
0.788237183,1.233762959,0.702057396,0.810988919
1.079591874,0.649880823,0.897810704,1.160646509
2.862247978,0.690840257,1.144683833,2.130111203
0.446039871,0.735463218,0.992376488,0.514471518
0.686097817,0.58297641,1.004325048,0.669605281
2.077916975,0.985543985,0.784534829,1.481428836
0.990921648,0.881163492,0.830975289,0.598104631
0.538526675,0.91455564,0.749417542,0.538251146
2.189278933,1.463664298,0.957141481,3.734750787
0.881521121,0.623995902,0.805871542,0.841158311
0.752482124,0.916117144,0.717000453,0.7952976
0.939943756,0.886208349,0.720193602,0.695730519
0.622940692,0.713482056,0.817135855,0.734473518
0.473867075,0.754681721,0.793172519,0.565832279
0.496341407,0.798343757,0.791509727,0.587266298
0.495370354,0.973112016,0.828797473,0.5260378
0.669174432,0.908369685,0.728345698,0.66798762
1.037541877,0.619071161,0.868667696,0.774025348
0.654333257,0.694563842,0.951586579,1.327265671
0.477591862,0.52454015,0.989477638,0.877393935
1.02100015,0.824769198,0.997519372,0.920100205
0.666971445,0.667898169,1.204235336,1.554789797
0.809295999,0.932993392,0.71147498,0.713767447
1.712539989,1.546544091,0.700012015,1.232389808
0.692088396,1.255083486,0.692897324,0.601016423
0.573832441,0.652943772,0.83188026,0.721046925
1.114656084,0.55348802,0.904285293,1.820248092
0.562073514,0.726094198,0.736254997,0.810018322
1.161677295,0.690780199,0.845616689,0.828702316
0.485601846,0.737925589,0.748049049,0.58443539
1.035454837,0.800205549,0.778582622,1.206992519
3.123282612,0.848852384,1.822786652,1.351692363
1.261362456,0.756603571,0.828230946,1.054770547
0.652951559,0.596129073,0.791995321,1.148675812
0.628332213,0.681471237,0.761917913,1.123602055
0.476413071,0.795941444,0.718839825,0.610156212
0.712523999,0.633545096,0.764691686,0.774429763
0.487954597,0.509765927,1.037080581,0.677531824
1.464684628,0.804469654,0.726425394,1.105646009
0.925952856,0.55432883,0.877114092,0.707215917
0.523994691,0.630241916,0.762837599,0.700907036
0.579992108,0.636788218,0.77062182,1.224625032
0.621288452,0.697626791,0.749483759,0.638707942
0.614312326,0.582556006,0.897935781,1.127807975
1.131729233,0.600933699,0.902409133,0.64809038
0.568581022,0.696906097,0.791561229,0.562758722
0.487418344,1.039836255,0.728419273,0.623097506
0.518327797,1.244152962,0.686893615,0.58758983
0.651637496,0.6339655,0.853040393,1.569510519
1.329118799,0.91539645,0.743399117,1.883175135
0.553628731,0.562496693,0.815620213,0.605707642
1.248419908,1.340245476,0.688276822,1.110256345
0.450639089,0.624236133,0.768061415,0.513096506
0.690605244,1.113347028,0.6896306,1.075638383
0.770135007,1.122175528,0.706751473,0.791981394
1.941790737,0.611684049,0.993156382,1.601782871
0.853268779,0.560214496,0.809432566,0.817055151
1.245975365,0.627058851,0.760968797,0.741429464
1.423166053,1.093948352,0.828297164,2.378017868
0.590794474,1.302348991,0.841018259,0.520133335
0.655115897,0.842426197,0.703367029,0.687884859
0.490205895,0.681291063,0.733120708,0.61719304
0.46767359,0.572406234,0.78854466,0.608215017
0.960915612,0.706515348,0.801199538,0.777665087
1.625879505,0.697506675,0.727985181,0.935710641
0.509675276,0.604116763,0.779929042,0.792709341
0.493553856,0.671561696,0.728735645,0.591229569
0.58560586,0.552647211,0.837170293,0.853452541
0.62167011,0.713842402,0.732112732,1.392295673
0.597959013,0.577631264,0.775830921,0.734877933
0.623341674,0.566940972,1.082777935,0.586619233
2.537776015,0.775762016,0.744120151,2.224825299
0.554135998,0.604597226,0.751256914,0.841886259
0.718359982,0.803328556,0.725248196,0.596972268
1.175982217,1.597773413,0.700365174,0.679877433
1.039638579,0.847951517,0.698106425,0.924063476
0.503138781,1.057673428,0.687276204,0.590339855
0.448450596,0.606038614,0.796056654,0.507353807
0.485896543,0.722791018,0.792480915,0.581200066
0.450334729,0.558112472,0.788787457,0.522964243
0.50313395,3.04738904,0.668492539,0.547471818
0.508138982,0.580634155,0.762204855,0.673649436
0.634656138,0.612825147,0.742472074,0.550060077
0.777932421,0.886808927,0.981045958,0.746767747
1.105636398,0.787713522,0.700416676,1.468730192
0.921358469,0.534389633,0.838023762,1.541605854
0.733143184,0.575529241,1.114613783,1.220419111
0.773893612,2.390176304,0.688593194,2.744256491
0.834181056,0.719728069,0.708701207,0.761569352
0.943141952,0.549043741,0.803178702,1.641577351
0.757796347,0.765432071,0.705544845,0.698561427
0.478867276,1.753923748,0.673113041,0.533802576
0.448658333,0.707175984,0.769554985,0.509942065
0.955364665,0.720989283,0.705839145,0.931342954
0.596572484,0.815760525,0.721297225,0.6302961
1.164141162,1.206796998,0.729228597,1.660989292
0.460480064,0.743210677,0.746570194,0.50848617
0.565725835,0.536731888,0.800765446,0.697509947
1.259487985,0.661411925,0.721253081,2.57949764
1.56763079,0.54495981,0.845572544,0.703333529
0.683107359,0.556671085,0.767803903,0.712958617
0.50000339,0.594087107,0.756797102,0.779120983
0.596606302,0.587060342,0.832770516,0.635553501
0.742138714,1.731762412,0.700151807,0.67874507
1.449621221,0.626398215,0.986770083,1.128131508
0.701035615,0.609221678,0.729191809,0.541567353
0.461050135,0.5187746,0.839980853,0.512530324
0.459557322,0.785491383,0.825184946,0.515765648
0.66803429,0.607059597,0.838156197,0.870680638
0.929339466,0.57913271,0.831777255,0.769415012
0.558160314,0.544899752,0.777508429,0.606516473
0.67420362,0.72411229,0.700836053,0.988931713
0.947494784,1.240129088,0.678498722,0.832261171
0.70197285,0.831675847,0.722709863,0.840511246
0.704040566,0.659550132,0.788434297,0.649303626
0.56683216,0.885247424,0.686842112,1.19340416
0.582306211,0.719607953,0.74772532,0.628597556
0.564281333,0.57114502,0.757120831,0.87545274
0.461499429,0.700269335,0.787926631,0.514714168
0.476881689,0.520876623,0.840105931,0.684002471
1.077437198,0.959118544,0.693368204,0.929806176
0.457262544,0.545200041,0.774918593,0.509214118
0.494756802,0.579072652,0.736291785,0.518596556
0.704398068,0.625617463,0.745164914,0.794407886
0.657980746,0.646277354,0.718052574,1.079035473
0.800252158,0.581114618,0.808527595,1.054770547
0.969572965,0.622614572,0.714778492,3.133546794
0.609065739,0.785491383,0.745731441,0.880871907
0.757192458,0.693602917,0.709591463,1.161859755
0.463311096,0.528443909,0.788618234,0.521346581
0.531449097,0.8489725,0.687305634,0.7952976
0.659294809,0.681891642,0.705302048,0.913710441
0.558725554,0.572286118,0.850067968,0.764157611
0.527772621,0.705974828,0.718920757,0.571251446
0.692286471,0.545680504,0.818533778,0.632965242
0.732452335,0.846990592,0.69106531,0.698723193
0.758472703,0.62874047,0.709341309,0.98990231
0.788019783,0.678288172,0.709311879,1.787166909
0.868680026,1.54822571,1.00903384,0.531699616
0.612988602,0.632584171,1.291546638,0.549736545
0.529352394,0.530425817,0.776647603,0.924629658
0.576122388,0.574388142,0.763749927,1.646996518
0.861467176,0.806811909,0.685944499,0.614443015
0.617853531,1.016894168,0.68236876,0.563405787
0.901662026,0.880442798,0.681868451,0.953100505
0.480171676,0.571865713,0.800905238,0.534773173
0.920923669,1.23676585,0.675783809,0.660546375
0.551387095,0.828132436,0.720333395,0.577479444
1.265145217,1.38174543,0.673576563,1.099498894
0.840132986,0.604236879,0.720362825,0.878121882
0.465238709,0.5314468,0.766803285,0.563082254
0.537956604,0.597270172,0.729493466,0.539059977
0.510815418,0.540395415,0.7536996,0.550949791
0.457190077,0.535710905,0.759541445,0.553133634
0.514028107,0.692161529,0.69402302,0.553861582
0.525057536,0.967346465,0.702852005,0.565104331
0.854215677,0.592825893,0.715587815,2.268987465
0.563310279,0.663513948,0.713476216,0.608781199
0.984119443,0.582796237,0.719215057,0.688289275
0.515738321,0.568442418,0.799941407,0.570847031
0.979211033,0.603516185,0.736968673,0.928269397
0.479176467,0.579432999,0.720017023,0.61509008
0.729070556,0.589162366,0.748328634,0.633935839
0.539512222,0.584838203,0.782401158,0.943071002
0.591978097,0.62874047,0.713954453,0.7622973
0.528787154,0.601654393,0.710518507,0.888313151
0.717065244,0.56147571,0.767789188,0.802172663
0.93179367,0.552346922,0.771850521,0.666936139
0.951577073,0.670660829,0.694427682,1.082594329
1.038488775,0.753961027,0.731685998,1.287875607
0.71231143,0.62958128,0.717493404,0.5810383
0.767415091,0.675945917,0.722511211,1.400869281
0.581228873,0.582676121,0.734187543,1.09440326
1.62525146,0.686936499,0.736358002,0.805731519
1.338771361,0.675405397,0.750020856,1.114785798
1.193485335,0.569463401,0.760188903,1.279544649
0.816098205,0.578652247,0.722812868,0.572302926
0.678063678,0.600393178,0.731759572,1.134925687
1.000791609,0.777623808,0.739389287,0.621479844
0.516574103,0.652343194,0.836478689,0.777260672
0.450581116,0.601954682,0.706067227,0.515765648
0.489394268,0.519675467,0.775985429,0.848114257
0.683228136,0.609942372,0.769025246,0.591148686
0.620819834,0.751198367,0.684105127,0.712392435
0.940629774,0.72549362,0.685775277,0.863077628
0.573383147,1.178449706,0.703867338,0.701877633
0.997941253,0.736424143,0.726962491,0.97890221
0.505230653,0.662973428,0.696164049,0.518030374
0.584064735,0.588201441,0.747526668,0.687076028
0.674256762,0.646637701,0.719112052,1.518068875
0.492761553,0.52730281,0.750962614,0.518111257
0.540821454,0.605678267,0.701704237,0.86679825
0.491780838,0.609401852,0.700688903,0.549574779
0.695523316,0.680210023,0.772718704,0.836628858
0.5365894,0.565439527,0.71580854,0.549736545
0.691750218,0.62321515,0.720826346,0.96474767
0.573629534,0.57360739,0.726476897,0.593251646
1.265439915,0.754621663,0.715565743,1.040777773
1.034754325,0.490187077,0.919736016,1.587628331
0.520931766,0.539734779,0.730464655,0.616060677
0.498988856,0.561655884,0.836316825,0.764723793
0.552937882,0.871914588,0.711923787,1.006078928
0.510965183,0.511747835,0.794827954,0.712715967
0.76328449,0.52538096,0.746798276,0.659818428
0.65899528,0.59264572,0.725233481,0.927864982
0.894482994,0.539374432,0.729228597,0.905703015
0.60390128,0.513369396,0.790994703,0.611126809
0.479872147,0.559373687,0.71428554,0.51843479
0.636477467,0.565859931,0.710533221,0.862026148
1.681988037,0.875578115,0.722261056,4.937724957
0.490288024,0.93137183,0.688291537,0.553457167
0.974099717,1.116109688,0.681073842,0.70859093
0.465074451,0.50940558,0.810742199,0.551030674
0.773569927,0.71336194,0.69818,0.689987819
0.809682488,0.561535768,0.832351139,0.806135934
0.750182515,0.544719578,0.802376736,0.801606481
0.67494278,0.58105456,0.956457235,1.882285421
0.88716386,0.703692631,0.704264642,1.549127981
0.587335398,0.710839511,0.685127818,0.547714468
0.456895379,0.516732634,0.761866411,0.513581804
0.49600806,0.596189131,0.713071555,0.950026948
0.803614612,0.667297591,0.928748938,1.344251119
0.616244771,0.746694031,0.701682164,0.554751296
0.469939381,0.674564588,0.711857569,0.538736445
0.537724711,0.90134292,0.69522229,0.570361732
0.64374346,0.910651882,0.675658732,0.816327203
1.258797136,0.968067159,0.763867647,1.347324676
0.564063932,0.655886605,0.6868789,0.606920888
0.64391738,0.545139983,0.724527162,0.724120483
0.579508997,0.779545659,0.734915934,1.042718967
0.610645513,0.906447835,0.673657495,0.759628158
0.750622146,0.717686103,0.708826284,0.73374557
1.256516851,0.814859657,0.688004595,0.949056351
0.564324813,0.524299919,0.739043485,0.728892585
0.577272192,0.617029195,0.726778553,0.561302826
1.034638379,0.51601194,0.813699909,1.25705915
0.80347451,0.563817965,0.707185565,5.51272283
0.51125988,0.534149402,0.726734409,0.695083454
0.783560667,0.619251334,0.695465087,1.314647909
0.545198441,0.795701213,0.679896644,0.566802876
0.587137323,1.768637914,0.677542248,0.678017122
0.489017442,0.591324448,0.697797411,0.598670813
0.624534959,0.576490166,0.704191067,0.718782199
0.671184175,0.612705032,0.700306314,0.692818728
0.792348459,0.544539405,0.782342298,0.531376084
0.60715745,0.90134292,0.678322142,0.679311252
2.71981714,0.703752689,1.22226118,0.806055051
0.858496042,0.64831932,0.742207204,0.926570852
0.49674722,0.577330975,0.749263035,0.66459053
0.834644843,0.680450254,0.703264024,1.007615706
0.448373298,0.544659521,0.713755801,0.538655562
0.466403007,0.537692813,0.788632949,0.512287675
0.609911184,0.547902643,0.711364618,0.628921088
0.508853987,0.683453145,0.689843967,0.535662887
1.115168182,0.482019213,1.405734841,4.546169927
0.528753336,0.642193422,0.685429475,0.656340455
0.501433399,0.862425452,0.673017394,1.432332802
0.48605597,0.530365759,0.740014673,0.628435789
0.586538265,1.086200893,0.700291599,1.498252519
0.693552222,0.920321191,0.680213016,0.558795451
0.620723212,0.65822886,0.688409257,0.709237994
0.830166402,0.744952354,0.694251102,0.852320177
0.692199511,0.802788035,0.674606611,0.567369058
0.641279593,0.930350847,0.777574646,0.745716267
0.498302838,0.616368559,0.689351015,0.534126109
1.978879183,0.98043907,0.864341494,1.045873407
0.479007378,0.574808547,0.724519805,0.526846631
0.49987295,1.642276258,0.67487148,0.636281449
1.123690263,3.120959871,2.099567968,0.507839105
0.650714754,0.566640683,0.708127323,0.558471918
0.641134659,0.567721724,0.708958719,1.150050825
0.445783822,1.015272606,0.669618234,0.518111257
0.501370594,0.573006812,0.749998783,0.560332229
0.923498651,0.626218042,0.69712788,2.149037845
0.750530355,0.624836712,0.704338217,0.66669349
0.460818242,0.586820111,0.706802975,0.56558963
0.620167634,0.708557314,0.778987284,0.734635284
0.522791744,0.620812838,0.686746465,0.571574979
1.353013478,0.898340029,0.738646181,2.271171309
0.439223172,0.541536514,0.709341309,0.50193464
0.610655175,0.58766092,0.696377416,0.599803176
0.848664729,0.51324928,0.740235398,0.940078328
0.831688203,0.510546678,0.766016033,1.443575551
0.999062071,0.532347667,0.738646181,0.812363932
0.517371237,0.55901334,0.706052512,0.544883559
0.713306639,0.555349813,0.722857013,0.593494295
1.294291314,6.86760698,0.674327026,0.716436589
1.576215675,0.66483522,0.697444252,0.968630058
0.749264604,0.535650847,0.719943448,0.785672513
0.666246778,0.844648337,0.680102654,1.016917262
0.451387912,0.524420035,0.722275771,0.543185015
0.55636314,0.851014466,0.671825481,0.738275023
0.480949485,0.507423671,0.766155826,0.532508447
0.526226665,0.551506112,0.702086826,0.700987919
0.541700716,0.711800437,0.683818185,0.570119083
1.508005208,0.497514131,0.788758027,1.153447914
0.84949085,0.631623245,0.70834069,1.045873407
0.551213175,0.585378723,0.690579716,0.945497495
0.806972235,0.756243224,0.706030439,1.418097378
1.356003937,0.640391687,0.699842792,0.978174262
0.792536872,0.637268681,0.688784489,2.103824199
0.53945908,0.58850173,0.689564383,0.827327303
0.554416202,0.561896115,0.696737933,0.953181388
0.500650759,0.549344031,0.70116714,0.61169299
0.618998505,0.835159201,0.672987964,0.765532624
0.509718756,0.623695613,0.691801059,0.575457367
0.997574089,1.211121161,1.121367956,0.767150286
0.608389383,1.067703084,0.672649519,1.302030147
0.745559141,0.526341885,0.714991859,0.790929913
0.724017214,0.645977065,0.717684699,0.600288475
0.488843522,0.517333212,0.779230081,0.593817828
0.917638513,0.621713705,0.685944499,0.626818128
0.540251382,0.522678358,0.718089361,0.574567653
0.840616097,0.642073306,0.684943881,0.753481044
0.808851537,0.57030421,0.739573224,0.627465192
0.783676613,0.5567912,0.701270145,0.840187714
0.683131514,0.515651593,0.793834693,0.759466392
0.935653729,0.563637792,0.693118049,0.681495095
8.786693538,14.95421241,19.77475406,3.394718285
5.203211519,3.685143042,4.254885018,2.913383028
7.401149994,5.462013735,2.785572728,4.500632749
1.967279683,2.633170248,2.73631435,1.455546248
3.335320109,8.391574189,4.654183212,2.569387254
4.024598987,2.9464919,3.172907648,1.729659034
1.37313989,4.489617555,3.493878032,0.935387109
3.883327616,2.912198885,1.771916985,4.295917653
0.768434456,3.125404149,2.033931823,0.657311052
0.969326578,1.149381721,3.511587504,0.975019822
0.670271095,4.292027323,2.644846068,0.573677939
5.910152942,2.36134855,3.141785476,1.798571425
1.519739978,1.457958805,2.872398436,1.356302699
1.915214791,4.034499387,2.109706585,0.742966242
2.081187638,5.635580838,9.524516089,3.033817946
1.244690289,1.403065957,2.186106733,0.901173562
1.179373658,1.575071556,1.90934749,1.511193813
0.738433251,2.347355077,1.53407885,0.704870308
1.371511806,1.46390453,1.851848727,2.205494241
5.721290288,2.847516611,1.229935039,4.903915826
1.488598631,2.961506356,2.481281767,6.942331412
2.079303504,2.279970202,1.363929598,0.843342155
1.176861479,1.520599113,1.543054984,1.64942301
1.298146542,4.604928571,1.102120769,2.280472864
5.518233827,1.474474706,2.872722165,2.651726238
1.195881567,1.455736666,1.475491178,1.328236268
1.07609898,1.509788705,1.700335991,0.993865581
0.986288612,1.346371374,1.514140059,3.044494514
2.320298686,1.525463796,1.37431837,1.564900183
1.809514896,1.703895583,2.03136406,0.847224543
2.007276458,1.526965242,1.331689088,2.096302072
0.819059676,3.812345507,1.351370367,0.802253546
1.40911718,1.165897622,1.691779233,1.525671886
6.741553467,1.964606584,3.102224267,3.75917748
3.056391037,1.405948732,1.360971888,2.01897784
1.18990065,2.031751228,1.285697435,0.741510347
1.697500737,1.654047591,1.544916428,1.014329003
1.135879158,1.254302734,2.535881681,1.506098178
0.671585157,1.411594168,1.241861526,0.835253846
1.169552007,1.057853602,1.507363813,1.758048998
1.611415156,1.408951623,2.019636225,1.383236767
1.206882008,0.86578869,1.571690325,0.71934838
0.708547994,1.795183471,3.39347776,0.608215017
2.504537966,1.823891109,0.980148344,1.265794524
1.56189626,1.093047485,1.531518444,0.838327403
2.114053691,1.26048869,1.100171035,1.16590391
1.126690383,0.75498201,1.737697311,0.713686564
1.029372467,0.842486255,1.804039774,3.574116975
0.646627633,1.155087214,1.205853983,0.713929214
1.044237798,2.076974767,0.917021103,0.768606181
1.373555366,1.443905275,1.04794759,1.175205465
0.632887951,1.533451486,1.028060302,0.707943865
0.669126121,0.941281371,1.28606531,0.627707842
0.758033072,0.774981264,1.488712583,0.661436089
1.068045517,1.881426502,1.450394789,1.027027648
0.910121303,2.272342859,1.019775771,0.822555201
1.360603155,1.082357192,1.121485676,0.929159111
0.838572537,1.234063248,1.045276822,0.770466492
1.139004887,0.942422469,1.21906803,0.631266698
0.599847978,0.736604317,1.763367584,0.586861882
0.702470455,1.067943315,2.314848047,0.576508847
1.175890426,0.904826273,1.821955256,0.856202566
1.691321745,1.80677463,1.426652177,0.659899311
1.545856969,1.37982358,1.175945797,0.863886459
1.10716786,1.160672591,2.0502213,0.690392235
1.035677068,3.07741795,0.968648592,0.884996945
2.235928149,0.717626045,1.450107847,2.233722439
0.712127847,3.689947667,0.784431824,0.600773773
0.944779699,1.216706538,0.955669984,0.864533524
1.734758272,0.679669502,2.123847676,1.130558
0.65260855,0.936236514,1.083440109,0.809209491
0.907077702,0.691140546,1.517877663,1.408310525
1.24456468,0.968487564,1.354033777,1.00090241
1.24747301,0.762128891,1.404851942,1.111712241
1.076669052,0.888550604,1.098213943,0.77119444
1.024454395,1.407750467,1.035748876,0.741025048
1.012492562,0.819844457,1.164666769,0.699127608
0.961418048,0.727655701,1.306725134,4.167556192
0.940798863,1.156108197,1.020680742,0.737061777
1.014057842,1.055151,1.184318617,1.495745143
1.251758206,0.747294609,1.304157371,0.663943465
3.275211416,0.944164146,1.028148592,1.213867581
0.574953259,1.0501662,0.9843789,0.652053651
1.000037956,0.994312427,1.246379023,0.7622973
0.789894254,0.677447363,1.222496619,1.871608853
0.854350948,1.102056158,0.935230884,0.769657661
0.84258236,0.989627917,1.108742508,0.608862082
1.621893838,0.986625026,0.958914636,1.179573152
2.144504189,1.6687017,0.934053686,0.873673313
1.985222433,3.043305108,1.931633319,0.837922988
1.990517331,0.879301699,1.292804768,0.848033374
0.711794501,1.062417996,0.929190387,0.630700516
0.734249508,2.053972622,1.854114833,0.739569152
0.599152298,0.681170948,1.249476525,0.644288875
1.676823579,1.198629134,1.061492724,1.735644382
0.99114871,0.994792889,1.375569143,0.874482143
0.56105415,3.413981979,0.725145191,0.547067403
1.989140464,1.11220593,0.908780717,1.988242266
2.30432703,0.813898732,1.156853117,1.018292274
0.840819004,1.032088796,0.893447714,0.738113257
1.110443354,1.039656082,0.886060796,1.10880045
0.677609553,1.470931295,0.80139819,0.713767447
1.097901788,0.637328738,1.27423447,0.851106931
0.484814374,0.656907588,1.207310765,0.773944465
1.137700487,0.871974645,1.346021474,0.811069802
0.746636479,0.868130945,1.233231193,0.892276423
1.414759919,0.844107816,1.21479333,0.715951291
0.665647721,0.743931371,1.029105065,0.895026448
0.559551674,0.82801232,0.953389163,0.550302726
0.474847791,0.641592844,1.185495815,0.531214318
0.643216868,0.690780199,1.084116998,0.593817828
0.667647801,0.669579788,1.184568772,0.6470389
0.636347027,1.443905275,0.904903321,0.739973568
1.091708303,0.63426579,1.367740776,0.687156911
0.63392664,0.908850147,1.023123428,0.604817928
0.68502531,0.801767053,0.947642965,0.652458067
0.86087778,1.234483653,0.853349408,2.607644955
3.164549969,0.919420324,1.069858187,2.375753141
0.941233663,0.910531766,1.002463603,0.711664487
1.164629104,0.819243878,1.207693355,0.618163637
0.745979448,1.333579058,0.789008181,0.825224343
0.750998973,0.768314846,1.123972506,0.662730219
0.994134337,0.754201258,1.255951114,0.870761521
1.344032442,0.70537425,1.237402888,0.798452041
1.233665692,1.077492509,0.944383598,1.670209964
0.999893023,1.121334718,0.993119594,0.69314226
1.603632235,1.469069502,0.759504657,1.110498994
0.565948066,0.794139709,0.905388916,0.630619633
0.646531011,1.192202947,0.786285911,0.753723693
1.109496456,0.823027521,1.217736325,0.670009697
1.695698733,0.694323611,0.98830044,0.886371957
1.062016289,0.631082725,1.092695828,1.134359505
0.857737557,1.123556858,0.901143645,0.723554301
0.691523155,0.649160129,1.148414079,0.887099905
1.162513077,0.670720887,1.091481842,5.844100842
0.52546818,1.436938568,0.864738798,0.572060277
0.590833123,0.618110236,1.094571987,0.73374557
2.141784273,1.166558258,0.776463665,0.851430463
0.592635128,0.721709977,0.95641309,0.607972368
0.619824625,0.761768544,0.921523885,0.679392135
1.519430787,0.838822728,0.945134062,1.731438462
0.839582239,0.694683958,1.101009789,0.776532724
0.857853504,0.599912716,1.122670231,0.749922188
0.695030543,0.821345902,0.857521103,1.290868281
1.441239242,0.965544731,0.834308231,0.938703315
0.954466078,0.960740105,1.038162132,0.790282849
0.602263534,0.592165257,1.117542063,0.604575278
0.572470067,0.692281645,0.927645315,0.850136334
0.636888112,0.840864694,1.034122871,0.639435889
0.911546481,0.789935662,0.929962923,0.916622232
0.725196005,0.661111636,0.973784118,0.668149386
1.008622842,0.585859186,1.113179073,0.622126909
0.836799519,0.69600523,0.913739664,0.722664587
0.635144081,0.842666429,0.831578603,0.611531224
0.772400798,0.783569533,0.847904867,0.63159023
0.814407316,0.739427034,0.876091401,0.764157611
0.541932609,0.866989846,1.09737519,0.571413212
0.562822337,0.839663538,0.842585404,0.857254046
0.894212452,0.917138127,0.789810147,0.571332329
1.128772592,0.947767616,0.841055047,0.70284823
0.561933412,0.878400832,0.818769217,0.589611907
0.613394415,0.791196876,0.995900725,0.559118983
0.587190465,0.686035631,0.876348913,0.870761521
0.62927428,0.632944518,0.923046885,0.576023548
0.599389022,0.924285007,0.88540598,0.747819227
1.776049784,1.010948443,1.524330179,7.316658343
2.982996787,1.469189618,1.108904372,6.3909514
3.508766686,1.680593148,1.723350211,0.815518372
0.546464192,0.584417798,0.99875543,0.581604481
0.64696098,2.135831432,0.864819731,0.616060677
1.343153179,0.791256934,0.79849934,1.620305099
1.551746094,0.832036194,0.942934173,7.39802673
0.640873779,0.796542022,1.619962799,0.682789225
0.529676079,0.737084779,0.891225753,0.614362132
0.5820405,0.673063142,0.880748691,0.674943565
0.945866699,0.665315683,1.058549729,0.738679439
2.109121126,1.025122089,0.826715304,1.338993718
2.42642855,0.94572565,0.767855405,0.701149686
0.894043363,0.591384505,0.995039899,0.813738944
0.788826579,0.667778054,0.83319725,1.046601355
3.743075609,0.984462944,0.872074213,1.945859528
0.597084582,0.718647028,0.798999649,0.77984893
1.003511525,0.615828039,0.858264209,0.560251346
0.839263386,0.79936474,0.805018074,1.114543149
0.618215865,1.143435997,0.816414821,0.544236495
0.535507231,0.681411179,0.86924158,0.541810002
2.007967307,0.601113872,0.993590474,2.981648354
1.241202227,0.809934916,0.762911174,0.962482943
0.80417019,2.242854469,0.687077552,0.712068903
0.68689495,0.609281736,0.876194406,1.364876306
0.725795063,0.671261407,0.92774832,0.600207592
0.697426774,0.573787564,0.955022525,1.063829453
0.668213041,0.688137655,0.857594678,0.586133934
0.703842491,0.739727323,0.775830921,0.781223943
0.769241251,1.278265805,0.710018197,0.974210991
0.651540874,0.614386651,1.039214253,0.691929014
1.810592234,0.600273063,0.865812991,1.102087153
0.979505731,0.620632664,0.842055665,0.770385609
0.715586923,0.679128982,0.990316392,0.619862182
0.696571667,0.668558805,0.769812497,1.076528097
1.615710014,0.66153204,0.814538662,1.093513546
1.358999226,0.707476273,0.778538477,1.038836578
0.567204155,0.724893042,0.836353612,0.854908436
0.957548328,0.597990866,0.859632702,1.783041872
0.554937962,0.684173839,0.804723774,0.553618933
0.49666026,1.267395339,0.703028584,0.526523098
0.921368131,0.839243133,0.745459214,1.243066376
1.169349101,1.284391703,0.797785664,1.452957989
1.407566393,0.602315029,0.925967808,1.353633557
1.358805981,0.713662229,0.948356642,1.300412485
0.713635154,0.620452491,0.848934915,0.690311352
0.619505772,0.612584916,0.845888916,0.644935939
1.074475727,0.574928662,1.082387988,0.662083154
2.540921069,0.716004484,0.870404063,2.188427909
0.465204891,0.658829438,0.790097089,0.548523298
0.643622682,0.55432883,0.963365916,0.667421438
0.845587311,0.659850421,1.056121758,0.714738044
0.562344057,0.544239116,1.006547009,0.647281549
0.527564883,0.625857695,0.824809715,0.763834079
1.095244676,0.673723778,0.893712583,0.710936539
0.883303801,0.645977065,0.996607043,0.619943065
1.029507738,0.626998793,0.894293825,0.61824452
1.330370057,0.573907679,0.972540702,0.73819414
1.375666562,1.793201563,0.700909628,0.927137034
1.433388686,0.69324257,0.779914327,0.732047025
0.663531694,0.681351121,0.877504039,0.569310252
0.484510014,0.900622226,0.717427187,0.562111657
0.453141605,0.64555666,0.824537488,0.512045026
1.317166629,1.283971298,0.925666151,1.978778945
0.646468207,0.799124508,0.759460512,0.692414312
0.946359473,0.761288081,0.746967499,4.288961707
0.877182782,0.65492568,0.78705109,0.63369319
0.536014497,0.617209368,0.814435657,0.546420338
0.57026708,1.453514527,0.824154898,0.538251146
0.489080246,1.377841672,0.689799822,0.552082154
0.610993353,0.634746252,0.911988582,0.98779935
0.703750699,0.938038248,0.702256048,0.739892685
0.491954758,1.089684247,0.692728102,0.588722193
0.705079255,0.610723124,0.825214376,0.777826853
1.733304107,0.932032466,0.771482646,1.931462339
0.517752895,0.58573907,0.835536931,0.547876234
0.78635788,0.57637005,0.834219941,1.182808475
0.660009813,0.521597317,0.923480977,3.55696976
0.578494463,1.107040957,0.704742879,0.608215017
0.7863144,0.639791109,0.748880445,0.965394734
0.936064373,0.650601517,0.74342119,0.669200866
0.638298797,0.785611499,0.77832511,0.701068803
0.455948481,0.606218787,0.771283994,0.523126009
0.734563531,0.568802765,0.918330736,0.670818528
0.490577891,0.992450634,0.693412348,0.567126409
0.618602354,0.596189131,0.861280779,0.638465292
0.488862846,0.622734688,0.755031305,0.53048637
0.851278361,0.601834566,0.762447652,1.499223116
0.924682274,0.635466946,1.013264395,0.775966542
0.801991358,0.725793909,0.716831231,0.997181788
0.567450542,0.746333684,0.716853303,0.709804176
0.444450435,0.560454727,0.797638514,0.508405287
0.493631153,0.566700741,0.808019928,0.54253795
0.610017468,1.018635844,0.70722971,0.554751296
0.46897799,1.753683516,0.676019248,0.514633285
0.726722636,0.559854149,0.796755615,0.638546175
0.775830888,0.722490729,0.719950805,0.65698752
0.721191013,0.605918498,0.75346416,0.652377184
0.493925851,0.567661666,0.785851819,0.628678439
0.870820208,0.616488675,0.863377663,0.590420738
1.227829709,1.061697302,0.756701454,1.925638756
0.53168099,0.557992357,0.796108156,0.580229469
0.58256226,0.872875513,0.699666213,0.597053151
0.673836455,0.877740196,0.806003977,0.899717667
1.117400155,0.594867859,0.852665162,0.667502321
0.865617101,0.572826639,0.776110506,0.689664287
1.371260588,0.548863568,0.970922055,1.643518545
0.530284799,0.594447454,0.806864803,0.766098805
0.579731228,0.577931553,0.769010531,0.526118683
0.534999964,0.589642829,0.806106982,0.995725892
0.491423335,0.591985084,0.76792898,0.538736445
0.5512325,1.355380047,0.699960512,0.656663987
1.406841726,0.601534277,0.836324182,0.741105931
0.757134485,0.615647865,0.794688161,0.792709341
0.538323769,0.550485129,0.86370875,0.527574579
0.474253564,0.562977156,0.814803532,0.521427464
0.839814133,0.867109962,0.694457112,1.151830252
0.595118319,0.553007558,0.819056159,0.677127408
0.541985751,0.884166383,0.869042928,0.527655462
0.539188538,0.595768726,0.810617121,0.565751396
0.86826455,0.683393087,0.99406871,0.989740544
0.731292868,0.646397469,0.900400539,0.616869508
1.957153673,0.637088507,1.290067783,2.662079273
0.535140066,0.58297641,0.753817319,0.570604381
0.519936557,0.981580169,0.687438069,0.612259172
1.048687252,0.700209277,0.730913461,1.100145959
0.941803734,1.022599661,0.697870986,1.757240167
0.522622655,0.541176167,0.798771567,0.63159023
1.147000377,0.840083942,0.770195086,0.721289575
0.561252225,0.544179058,0.79990462,1.189845304
0.647965851,0.602855549,0.737314475,1.251478217
0.973090014,0.581535023,0.837015786,0.552648336
0.649420016,0.584958318,0.762050348,0.662164037
0.832074691,0.62958128,0.723967993,0.620913662
0.46758663,0.587600863,0.750241581,0.518677439
0.471939461,0.525501076,0.82467728,0.527898111
0.501312621,0.990889131,0.683943262,0.587347181
0.69219468,0.581234734,0.75074189,0.69653935
1.765875463,0.569643574,0.801015601,0.781951891
0.614896891,0.538653738,0.801361402,0.752753096
0.662802196,0.582736179,0.761527966,0.551354207
0.605437574,0.583096526,0.741787828,0.82959203
0.592181003,0.834979028,0.727882177,0.568663187
0.917991184,0.66567603,0.779259511,0.69079665
1.373507055,0.617509657,0.798190325,0.671222943
0.999950996,0.552046633,0.803855591,0.56324402
2.697086758,0.551325939,0.765317072,2.083279895
0.738331798,0.593486529,0.731281336,0.794731419
0.445783822,0.632524113,0.717868636,0.507919988
0.645245935,0.583156584,0.736402147,0.59308988
0.653357372,0.59180491,0.793775833,0.581523598
0.48101712,0.592405488,0.729662689,0.591957517
0.554039375,0.723872059,0.713623366,0.60174437
1.50571043,0.648439435,0.752191315,2.100265343
0.725978645,0.976715485,0.687401281,0.815518372
0.570740529,0.536731888,0.815112546,0.574405887
1.43788162,1.172083577,0.717809776,0.832827353
0.503520439,0.528383851,0.790994703,0.538251146
0.78357516,0.732700558,0.711232183,0.829187614
0.808609981,0.735583334,0.870786653,2.406569598
1.677669023,0.617930062,0.735430959,0.794407886
0.746501208,0.717565987,0.992714933,0.528868708
0.490162415,0.519915698,0.834499525,0.544236495
0.562411692,0.601534277,0.853194901,0.523126009
1.128637321,0.958457908,0.693515353,0.958034373
0.591784852,0.550845476,0.753633382,0.663458167
1.03446929,1.221931569,0.829731874,1.523326276
0.51221644,0.66483522,0.733164852,0.55119244
0.649874141,0.730478419,0.714042743,0.684406886
0.662154827,0.569823748,0.735945983,0.526603982
1.454853315,0.624356249,0.72169453,3.051693109
0.460064588,0.546581371,0.837714747,0.515603882
1.661306048,0.972691611,0.739131775,0.632479944
0.768647024,0.677026958,0.699541135,0.978255145
0.506733129,0.625557406,0.722415564,0.62714166
0.508008542,0.623695613,0.730552944,0.528949591
0.516632077,0.528023504,0.789766002,0.60619294
0.590581905,0.638349721,1.450593441,0.743775073
0.53324627,0.576790455,0.747438378,0.526280449
0.573156085,0.584838203,0.722606858,0.57424412
0.447455387,0.536551715,0.764669613,0.522155412
0.609819392,0.584778145,0.74022804,0.614200366
0.527400625,0.550785418,0.786293268,0.591714867
0.614558713,0.660871404,0.703911483,0.705679139
0.469441776,0.854978282,0.681412287,0.549817428
0.936808365,0.61991197,0.732134804,0.821180188
0.482104121,0.561836057,0.796211161,0.555560127
2.183153084,0.669519731,0.777228844,0.725171963
0.568576191,0.565439527,0.800037055,0.529758422
0.632047338,0.527122637,0.771946168,0.55224392
1.784368959,0.697026213,0.844807365,0.73584853
0.994825186,0.931311773,0.740823997,0.645502121
1.483603262,0.845308973,0.689189151,0.875371857
0.807730719,0.542377323,0.78365193,0.873673313
0.51895101,0.528383851,0.782430588,0.553780699
0.506965022,0.607179712,0.708973434,0.5370379
0.707784678,0.714022576,0.719023762,0.956174062
1.078635314,0.698767889,0.718096718,1.382994118
0.697682823,0.648799782,0.774624294,1.128697689
0.559942994,0.591084216,1.006547009,0.563729319
0.532318697,0.529164603,0.762638947,0.55458953
0.50413399,0.753780853,0.708039033,0.533559927
0.51060768,0.513669685,0.826582869,0.538655562
0.605659805,0.5187746,0.788934606,0.8612982
0.522661304,1.164396176,0.673054181,0.534773173
0.793449953,0.535410616,0.817518445,0.778393035
0.731722837,0.540155184,0.828017579,0.650112457
0.715026514,0.542257208,0.827899859,0.780819527
0.562092839,0.564899006,0.7247111,0.546662987
0.5538413,0.587600863,0.826744734,0.558310152
0.628312888,0.599492311,0.725829438,0.586619233
0.455272126,0.54604085,0.738727113,0.523530424
0.667087392,0.577090744,0.757120831,0.665156711
0.89190318,0.545920735,0.750955257,0.763187014
0.63340488,0.818523185,0.681758089,0.962159411
0.497268981,0.626578388,0.701439367,0.531376084
1.280372881,0.751438598,0.684693726,0.644207992
0.794933104,0.562016231,0.722967375,0.833474418
0.587006882,0.539254317,0.793003297,0.546824754
0.653212439,0.571805656,0.773211656,1.246382582
1.539161048,0.577871496,0.920795494,0.760113457
0.819731201,0.546521313,0.732002369,0.618001871
0.599475982,0.605918498,0.715308231,0.571736745
0.516327717,0.514270263,0.780672148,0.880791024
0.514090912,0.532527841,0.745591649,0.523449541
0.444977026,0.502378815,0.82772328,0.510670013
0.862602487,0.544539405,0.761572111,0.730914662
0.747539897,0.666396724,0.720715984,0.56664111
0.644511606,0.53282813,0.756370367,0.570685265
0.943417325,0.604056706,0.891843782,0.560251346
0.723321533,0.615467692,0.836971641,0.792709341
0.591350052,0.610963355,0.705360908,0.739569152
0.992414461,0.589162366,0.731936152,0.741429464
0.475219786,0.529765181,0.749263035,0.736172063
1.00513961,0.811676593,0.714498907,1.288765321
0.519583886,0.602254971,0.756649952,0.521346581
1.96900439,1.112025756,0.937717715,0.777260672
0.485413432,0.727895933,0.683965335,0.528706942
0.73490654,0.564718833,0.724828819,0.537604082
0.534956484,0.65768834,0.711982646,0.876099805
0.707499642,0.633364922,0.792032109,0.610237095
0.984172585,0.650541459,0.71168099,0.91290161
0.463475353,1.035331919,0.67232579,0.53048637
0.72712845,0.56892288,0.710614154,0.587104531
0.565160595,0.581595081,0.709944622,0.587023648
0.529748545,0.724412579,0.691631837,0.615737145
0.531956363,0.533548824,0.758511396,0.540920288
0.695953285,0.542857786,0.774940665,0.940887159
0.712548154,0.643394578,0.702336981,0.601420838
0.765308726,0.764771435,0.755443324,0.592281049
0.512071507,0.854617935,0.675923601,0.646958017
0.465388474,0.576129819,0.708988149,0.523045126
0.623617048,0.546701486,0.742472074,0.713524798
0.810527933,0.591624737,0.778008738,0.69864231
0.812962813,0.651442326,0.716573719,0.688451041
0.490428126,0.751979119,0.694405609,0.600207592
0.509250138,0.586639937,0.700710976,0.534611407
0.492761553,0.540515531,0.723784056,0.523206892
0.610118921,0.553848367,0.743965644,0.593008997
1.317572442,0.565919989,0.724247578,1.20335278
0.604152498,0.699368468,0.707575512,0.662325803
0.739235216,0.668138401,0.734820287,1.603238767
0.778739217,0.556611027,0.771821091,0.656340455
0.619244892,0.672402506,0.740073533,0.577802976
0.449344351,0.534689922,0.773616318,0.510427364
1.071688175,0.750958136,1.020739602,0.657715467
1.103964833,0.996894913,1.347367894,1.492186287
0.475311577,0.519735525,0.745061909,0.514147986
1.012149553,0.597210114,0.713527719,1.067307425
0.58751898,0.707716505,0.700195952,0.613472418
0.457069299,0.536011194,0.763551275,0.511155312
0.647869229,0.580694213,0.709356024,0.72953965
1.226162976,0.530005412,0.740566485,0.599075228
0.702311028,0.536071252,0.722327274,0.638222643
0.491331544,0.525260844,0.733841741,0.509699416
0.889782322,0.603636301,0.741971765,0.600207592
0.561107292,0.527062579,0.72997906,0.889688164
0.457692513,0.535470674,0.730582374,0.512530324
0.590837954,0.5314468,0.745267919,0.579582404
0.516202108,0.57114502,0.727190573,0.565913162
0.565276542,0.612284627,0.753758459,0.547714468
0.460658815,0.594327339,0.723754626,0.521023048
0.505776568,0.650361286,0.690255986,0.57658973
0.494022473,0.809514511,0.786999587,0.531133434
0.530888688,0.548383105,0.730266002,0.542699716
1.743599206,0.751498656,0.686349161,1.962602327
0.659120889,0.556370796,0.725571926,0.621560727
0.546575308,0.555529986,0.74599631,0.559199866
0.441947919,0.510306447,0.750513808,0.505978794
0.605360276,0.537752871,0.713858806,0.547552701
0.446465009,0.572166003,0.700424034,0.50508908
0.644709682,0.519255062,0.756723527,0.587508947
0.680068589,0.726454545,0.678167635,0.644046225
0.990240461,0.663934353,0.692433803,0.820452241
0.710601216,1.027464344,0.678631156,0.778393035
0.540889089,0.647358395,0.699570565,0.614928314
0.53433327,0.737985647,0.679366905,0.538817328
0.71526807,0.788374158,1.239161328,0.583707442
0.765294233,0.658589207,0.681375499,0.825305226
0.489268659,0.527663157,0.724924467,0.753561927
0.558198963,0.52814362,0.742096842,0.562030774
0.71022922,0.598291155,0.704661947,0.676965642
1.213534449,0.635406888,0.751028832,0.90190151
0.821079081,0.644295446,0.706589608,0.821018422
0.472055408,0.509165348,0.746827706,0.523530424
0.788193703,0.539854895,0.776368018,1.005998045
0.542290112,0.551686286,0.703536251,0.615818028
0.47532124,0.662853312,0.711842854,0.555398361
0.529526314,0.630181858,0.694751411,0.684892185
0.529763039,0.558652993,0.740647417,0.539949691
0.899096706,0.6339655,0.838840443,0.589611907
0.867974683,0.656186894,0.724549235,0.726789625
0.557237571,0.63150313,0.696406846,0.787532824
0.782855324,0.514150147,0.738432813,0.710774773
0.788812085,0.624356249,0.900584476,0.556773373
0.654057883,0.515591535,0.773079221,0.591957517
0.704219317,0.529164603,0.714572482,0.578126509
0.564411773,0.521297028,0.722224269,0.591472218
1.246390841,0.544359231,0.767443386,1.27590491
0.771550523,0.505862168,0.769010531,0.883217517
0.603674218,0.624656538,0.684693726,0.562920488
0.466890949,0.536311483,0.712203371,0.539626159
0.736684389,0.693362685,0.713483574,0.686267197
0.706518927,0.595408379,0.743406475,1.18345554
0.783724924,0.540935936,0.703573038,0.755584004
0.528651883,0.533008303,0.70845841,0.583707442
0.49252966,0.624956827,0.703676043,0.541324704
0.484070383,0.535770963,0.759879889,0.544883559
0.518453406,0.681291063,0.685591339,0.523287775
0.550198642,0.548142874,0.720075883,0.528302526
